<application>
  <component name="Trusted.Paths">
    <option name="TRUSTED_PROJECT_PATHS">
      <map>
        <entry key="$USER_HOME$/projects/corporate-mobile-app" value="true" />
        <entry key="$USER_HOME$/projects/restrox-mobile-app-v2" value="true" />
        <entry key="$USER_HOME$/projects/simple-patro-app" value="true" />
      </map>
    </option>
  </component>
  <component name="Trusted.Paths.Settings">
    <option name="TRUSTED_PATHS">
      <list>
        <option value="$USER_HOME$/projects" />
      </list>
    </option>
  </component>
</application>