<application>
  <component name="DimensionService">
    <location key="WELCOME_SCREEN.1920.0.1920.1080" x="2399" y="538" />
  </component>
  <component name="WindowManager">
    <frame x="1922" y="42" width="1916" height="1036" />
  </component>
  <component name="WindowStateApplicationService">
    <state x="2182" y="282" width="424" height="486" key="FileChooserDialogImpl" timestamp="1736955192631">
      <screen x="1920" y="0" width="1920" height="1080" />
    </state>
    <state x="2182" y="282" width="424" height="486" key="FileChooserDialogImpl/0.0.1920.1080/1920.0.1920.1080" timestamp="1736955192631" />
    <state x="2396" y="1084" width="955" height="1046" key="WELCOME_SCREEN" timestamp="1736955145908">
      <screen x="1920" y="0" width="1920" height="1080" />
    </state>
    <state x="2396" y="1084" width="955" height="1046" key="WELCOME_SCREEN/0.0.1920.1080/1920.0.1920.1080" timestamp="1736955145908" />
  </component>
</application>